Date,Close
11/16/16,746.48999
11/15/16,743.23999
11/14/16,719.070007
11/11/16,739.01001
11/10/16,742.380005
11/9/16,771.880005
11/8/16,787.75
11/7/16,784.929993
11/4/16,755.049988
11/3/16,767.030029
11/2/16,765.559998
11/1/16,785.409973
10/31/16,789.820007
10/28/16,776.320007
10/27/16,818.359985
10/26/16,822.590027
10/25/16,835.179993
10/24/16,838.090027
10/21/16,818.98999
10/20/16,810.320007
10/19/16,817.690002
10/18/16,817.650024
10/17/16,812.950012
10/14/16,822.960022
10/13/16,829.280029
10/12/16,834.090027
10/11/16,831
10/10/16,841.710022
10/7/16,839.429993
10/6/16,841.659973
10/5/16,844.359985
10/4/16,834.030029
10/3/16,836.73999
9/30/16,837.309998
9/29/16,829.049988
9/28/16,828.719971
9/27/16,816.109985
9/26/16,799.159973
9/23/16,805.75
9/22/16,804.700012
9/21/16,789.73999
9/20/16,780.219971
9/19/16,775.099976
9/16/16,778.52002
9/15/16,769.690002
9/14/16,761.090027
9/13/16,761.01001
9/12/16,771.48999
9/9/16,760.140015
9/8/16,784.059998
9/7/16,784.47998
9/6/16,788.869995
9/2/16,772.440002
9/1/16,770.619995
8/31/16,769.159973
8/30/16,767.580017
8/29/16,771.289978
8/26/16,769
8/25/16,759.219971
8/24/16,757.25
8/23/16,762.450012
8/22/16,759.47998
8/19/16,757.309998
8/18/16,764.460022
8/17/16,764.630005
8/16/16,764.039978
8/15/16,768.48999
8/12/16,772.559998
8/11/16,771.23999
8/10/16,768.559998
8/9/16,768.309998
8/8/16,766.559998
8/5/16,765.97998
8/4/16,760.77002
8/3/16,754.640015
8/2/16,760.580017
8/1/16,767.73999
7/29/16,758.809998
7/28/16,752.609985
7/27/16,736.669983
7/26/16,735.590027
7/25/16,739.609985
7/22/16,744.859985
7/21/16,744.429993
7/20/16,745.719971
7/19/16,739.950012
7/18/16,736.070007
7/15/16,735.440002
7/14/16,741.200012
7/13/16,742.630005
7/12/16,748.210022
7/11/16,753.780029
7/8/16,745.809998
7/7/16,736.570007
7/6/16,737.609985
7/5/16,728.099976
7/1/16,725.679993
6/30/16,715.619995
6/29/16,715.599976
6/28/16,707.950012
6/27/16,691.359985
6/24/16,698.960022
6/23/16,722.080017
6/22/16,710.599976
6/21/16,715.820007
6/20/16,714.01001
6/17/16,706.390015
6/16/16,717.51001
6/15/16,714.26001
6/14/16,719.299988
6/13/16,715.23999
6/10/16,717.909973
6/9/16,727.650024
6/8/16,726.640015
6/7/16,723.73999
6/6/16,726.72998
6/3/16,725.539978
6/2/16,728.23999
6/1/16,719.440002
5/31/16,722.789978
5/27/16,712.23999
5/26/16,714.909973
5/25/16,708.349976
5/24/16,704.200012
5/23/16,696.75
5/20/16,702.799988
5/19/16,698.52002
5/18/16,697.450012
5/17/16,695.27002
5/16/16,710.659973
5/13/16,709.919983
5/12/16,717.929993
5/11/16,713.22998
5/10/16,703.070007
5/9/16,679.75
5/6/16,673.950012
5/5/16,659.090027
5/4/16,670.900024
5/3/16,671.320007
5/2/16,683.849976
4/29/16,659.590027
4/28/16,602
4/27/16,606.570007
4/26/16,616.880005
4/25/16,626.200012
4/22/16,620.5
4/21/16,631
4/20/16,632.98999
4/19/16,627.900024
4/18/16,635.349976
4/15/16,625.890015
4/14/16,620.75
4/13/16,614.820007
4/12/16,603.169983
4/11/16,595.929993
4/8/16,594.599976
4/7/16,591.429993
4/6/16,602.080017
4/5/16,586.140015
4/4/16,593.190002
4/1/16,598.5
3/31/16,593.640015
3/30/16,598.690002
3/29/16,593.859985
3/28/16,579.869995
3/24/16,582.950012
3/23/16,569.630005
3/22/16,560.47998
3/21/16,553.97998
3/18/16,552.080017
3/17/16,559.440002
3/16/16,574.27002
3/15/16,577.02002
3/14/16,573.369995
3/11/16,569.609985
3/10/16,558.929993
3/9/16,559.469971
3/8/16,560.26001
3/7/16,562.799988
3/4/16,575.140015
3/3/16,577.48999
3/2/16,580.210022
3/1/16,579.039978
2/29/16,552.52002
2/26/16,555.22998
2/25/16,555.150024
2/24/16,554.039978
2/23/16,552.940002
2/22/16,559.5
2/19/16,534.900024
2/18/16,525
2/17/16,534.099976
2/16/16,521.099976
2/12/16,507.079987
2/11/16,503.820007
2/10/16,490.480011
2/9/16,482.070007
2/8/16,488.100006
2/5/16,502.130005
2/4/16,536.26001
2/3/16,531.070007
2/2/16,552.099976
2/1/16,574.809998
1/29/16,587
1/28/16,635.349976
1/27/16,583.349976
1/26/16,601.25
1/25/16,596.530029
1/22/16,596.380005
1/21/16,575.02002
1/20/16,571.77002
1/19/16,574.47998
1/15/16,570.179993
1/14/16,593
1/13/16,581.809998
1/12/16,617.890015
1/11/16,617.73999
1/8/16,607.049988
1/7/16,607.940002
1/6/16,632.650024
1/5/16,633.789978
1/4/16,636.98999
12/31/15,675.890015
12/30/15,689.070007
12/29/15,693.969971
12/28/15,675.200012
12/24/15,662.789978
12/23/15,663.700012
12/22/15,663.150024
12/21/15,664.51001
12/18/15,664.140015
12/17/15,670.650024
12/16/15,675.77002
12/15/15,658.640015
12/14/15,657.909973
12/11/15,640.150024
12/10/15,662.320007
12/9/15,664.789978
12/8/15,677.330017
12/7/15,669.830017
12/4/15,672.640015
12/3/15,666.25
12/2/15,676.01001
12/1/15,679.059998
11/30/15,664.799988
11/27/15,673.26001
11/25/15,675.340027
11/24/15,671.150024
11/23/15,678.98999
11/20/15,668.450012
11/19/15,661.27002
11/18/15,663.539978
11/17/15,643.299988
11/16/15,647.809998
11/13/15,642.349976
11/12/15,665.599976
11/11/15,673.25
11/10/15,659.679993
11/9/15,655.48999
11/6/15,659.369995
11/5/15,655.650024
11/4/15,640.950012
11/3/15,625.309998
11/2/15,628.349976
10/30/15,625.900024
10/29/15,626.549988
10/28/15,617.099976
10/27/15,611.01001
10/26/15,608.609985
10/23/15,599.030029
10/22/15,563.909973
10/21/15,555.77002
10/20/15,560.880005
10/19/15,573.150024
10/16/15,570.76001
10/15/15,562.440002
10/14/15,544.830017
10/13/15,548.900024
10/12/15,550.190002
10/9/15,539.799988
10/8/15,533.159973
10/7/15,541.940002
10/6/15,537.47998
10/5/15,543.679993
10/2/15,532.539978
10/1/15,520.719971
9/30/15,511.890015
9/29/15,496.070007
9/28/15,504.059998
9/25/15,524.25
9/24/15,533.75
9/23/15,536.070007
9/22/15,538.400024
9/21/15,548.390015
9/18/15,540.26001
9/17/15,538.869995
9/16/15,527.390015
9/15/15,522.369995
9/14/15,521.380005
9/11/15,529.440002
9/10/15,522.23999
9/9/15,516.890015
9/8/15,517.539978
9/4/15,499
9/3/15,504.720001
9/2/15,510.549988
9/1/15,496.540009
8/31/15,512.890015
8/28/15,518.01001
8/27/15,518.369995
8/26/15,500.769989
8/25/15,466.369995
8/24/15,463.369995
8/21/15,494.470001
8/20/15,515.780029
8/19/15,532.919983
8/18/15,535.02002
8/17/15,535.219971
8/14/15,531.52002
8/13/15,529.659973
8/12/15,525.909973
8/11/15,527.460022
8/10/15,524
8/7/15,522.619995
8/6/15,529.460022
8/5/15,537.01001
8/4/15,531.900024
8/3/15,535.030029
7/31/15,536.150024
7/30/15,536.76001
7/29/15,529
7/28/15,526.030029
7/27/15,531.409973
7/24/15,529.419983
7/23/15,482.179993
7/22/15,488.269989
7/21/15,488
7/20/15,488.100006
7/17/15,483.01001
7/16/15,475.480011
7/15/15,461.190002
7/14/15,465.570007
7/13/15,455.570007
7/10/15,443.51001
7/9/15,434.390015
7/8/15,429.700012
7/7/15,436.720001
7/6/15,436.040009
7/2/15,437.709991
7/1/15,437.390015
6/30/15,434.089996
6/29/15,429.859985
6/26/15,438.100006
6/25/15,440.100006
6/24/15,440.839996
6/23/15,445.98999
6/22/15,436.290009
6/19/15,434.920013
6/18/15,439.390015
6/17/15,427.809998
6/16/15,427.26001
6/15/15,423.670013
6/12/15,429.920013
6/11/15,432.970001
6/10/15,430.769989
6/9/15,425.480011
6/8/15,423.5
6/5/15,426.950012
6/4/15,430.779999
6/3/15,436.589996
6/2/15,430.98999
6/1/15,430.920013
5/29/15,429.230011
5/28/15,426.570007
5/27/15,431.420013
5/26/15,425.470001
5/22/15,427.630005
5/21/15,431.630005
5/20/15,423.859985
5/19/15,421.709991
5/18/15,425.23999
5/15/15,426
5/14/15,432.279999
5/13/15,426.869995
5/12/15,431.019989
5/11/15,432.850006
5/8/15,433.690002
5/7/15,426.880005
5/6/15,419.100006
5/5/15,421.190002
5/4/15,423.040009
5/1/15,422.869995
4/30/15,421.779999
4/29/15,429.369995
4/28/15,429.309998
4/27/15,438.559998
4/24/15,445.100006
4/23/15,389.98999
4/22/15,389.799988
4/21/15,391.179993
4/20/15,389.51001
4/17/15,375.559998
4/16/15,386.040009
4/15/15,383.450012
4/14/15,385.109985
4/13/15,382.359985
4/10/15,382.649994
4/9/15,383.540009
4/8/15,381.200012
4/7/15,374.410004
4/6/15,377.040009
4/2/15,372.25
4/1/15,370.26001
3/31/15,372.100006
3/30/15,374.589996
3/27/15,370.559998
3/26/15,367.350006
3/25/15,370.959991
3/24/15,374.089996
3/23/15,375.109985
3/20/15,378.48999
3/19/15,373.23999
3/18/15,375.140015
3/17/15,371.920013
3/16/15,373.350006
3/13/15,370.579987
3/12/15,374.23999
3/11/15,366.369995
3/10/15,369.51001
3/9/15,378.559998
3/6/15,380.089996
3/5/15,387.829987
3/4/15,382.720001
3/3/15,384.609985
3/2/15,385.660004
2/27/15,380.160004
2/26/15,384.799988
2/25/15,385.369995
2/24/15,378.589996
2/23/15,380.140015
2/20/15,383.660004
2/19/15,379
2/18/15,373.369995
2/17/15,375.429993
2/13/15,381.829987
2/12/15,377.170013
2/11/15,375.140015
2/10/15,373
2/9/15,370.559998
2/6/15,374.279999
2/5/15,373.890015
2/4/15,364.75
2/3/15,363.549988
2/2/15,364.470001
1/30/15,354.529999
1/29/15,311.779999
1/28/15,303.910004
1/27/15,306.75
1/26/15,309.660004
1/23/15,312.390015
1/22/15,310.320007
1/21/15,297.25
1/20/15,289.440002
1/16/15,290.73999
1/15/15,286.950012
1/14/15,293.269989
1/13/15,294.73999
1/12/15,291.410004
1/9/15,296.929993
1/8/15,300.459991
1/7/15,298.420013
1/6/15,295.290009
1/5/15,302.190002
1/2/15,308.519989
12/31/14,310.350006
12/30/14,310.299988
12/29/14,312.040009
12/26/14,309.089996
12/24/14,303.029999
12/23/14,306.290009
12/22/14,306.540009
12/19/14,299.899994
12/18/14,297.730011
12/17/14,298.880005
12/16/14,295.059998
12/15/14,306.070007
12/12/14,307.320007
12/11/14,307.359985
12/10/14,305.839996
12/9/14,312.5
12/8/14,306.640015
12/5/14,312.630005
12/4/14,316.929993
12/3/14,316.5
12/2/14,326.309998
12/1/14,326
11/28/14,338.640015
11/26/14,333.570007
11/25/14,335.040009
11/24/14,335.640015
11/21/14,332.630005
11/20/14,330.540009
11/19/14,326.540009
11/18/14,324.929993
11/17/14,323.049988
11/14/14,327.820007
11/13/14,316.480011
11/12/14,311.51001
11/11/14,312.01001
11/10/14,305.109985
11/7/14,299.859985
11/6/14,296.640015
11/5/14,296.519989
11/4/14,302.809998
11/3/14,305.720001
10/31/14,305.459991
10/30/14,299.070007
10/29/14,294.119995
10/28/14,295.589996
10/27/14,289.970001
10/24/14,287.059998
10/23/14,313.179993
10/22/14,312.970001
10/21/14,315.329987
10/20/14,306.209991
10/17/14,303.640015
10/16/14,302.859985
10/15/14,305.970001
10/14/14,308.309998
10/13/14,306.450012
10/10/14,311.390015
10/9/14,315.369995
10/8/14,322.700012
10/7/14,316.980011
10/6/14,322.200012
10/3/14,322.73999
10/2/14,318.410004
10/1/14,317.459991
9/30/14,322.440002
9/29/14,321.820007
9/26/14,323.209991
9/25/14,321.929993
9/24/14,328.209991
9/23/14,323.630005
9/22/14,324.5
9/19/14,331.320007
9/18/14,325
9/17/14,324
9/16/14,327.76001
9/15/14,323.890015
9/12/14,331.190002
9/11/14,330.519989
9/10/14,331.329987
9/9/14,329.75
9/8/14,342.339996
9/5/14,346.380005
9/4/14,345.950012
9/3/14,339
9/2/14,342.380005
8/29/14,339.040009
8/28/14,340.019989
8/27/14,343.179993
8/26/14,341.829987
8/25/14,334.019989
8/22/14,331.589996
8/21/14,332.910004
8/20/14,335.779999
8/19/14,335.130005
8/18/14,334.529999
8/15/14,333.630005
8/14/14,333.209991
8/13/14,326.279999
8/12/14,319.320007
8/11/14,318.329987
8/8/14,316.799988
8/7/14,311.450012
8/6/14,313.890015
8/5/14,312.320007
8/4/14,313.649994
8/1/14,307.059998
7/31/14,312.98999
7/30/14,322.51001
7/29/14,320
7/28/14,320.410004
7/25/14,324.01001
7/24/14,358.609985
7/23/14,358.140015
7/22/14,360.839996
7/21/14,359.76001
7/18/14,358.660004
7/17/14,352.450012
7/16/14,355.899994
7/15/14,354.440002
7/14/14,355.320007
7/11/14,346.200012
7/10/14,327.920013
7/9/14,329.970001
7/8/14,323.809998
7/7/14,333.549988
7/3/14,337.48999
7/2/14,332.850006
7/1/14,332.390015
6/30/14,324.779999
6/27/14,324.570007
6/26/14,325.690002
6/25/14,327.440002
6/24/14,324.160004
6/23/14,327.23999
6/20/14,324.200012
6/19/14,327
6/18/14,334.380005
6/17/14,325.619995
6/16/14,327.619995
6/13/14,326.269989
6/12/14,325.910004
6/11/14,335.200012
6/10/14,332.410004
6/9/14,327.5
6/6/14,329.670013
6/5/14,323.570007
6/4/14,306.779999
6/3/14,307.190002
6/2/14,308.839996
5/30/14,312.549988
5/29/14,313.779999
5/28/14,310.160004
5/27/14,310.820007
5/23/14,312.23999
5/22/14,304.910004
5/21/14,305.01001
5/20/14,301.190002
5/19/14,296.76001
5/16/14,297.700012
5/15/14,295.190002
5/14/14,297.619995
5/13/14,304.640015
5/12/14,302.859985
5/9/14,292.23999
5/8/14,288.320007
5/7/14,292.709991
5/6/14,297.380005
5/5/14,310.049988
5/2/14,308.01001
5/1/14,307.890015
4/30/14,304.130005
4/29/14,300.380005
4/28/14,296.579987
4/25/14,303.829987
4/24/14,337.149994
4/23/14,324.579987
4/22/14,329.320007
4/21/14,330.869995
4/17/14,324.910004
4/16/14,323.679993
4/15/14,316.079987
4/14/14,315.910004
4/11/14,311.730011
4/10/14,317.109985
4/9/14,331.809998
4/8/14,327.070007
4/7/14,317.76001
4/4/14,323
4/3/14,333.619995
4/2/14,341.959991
4/1/14,342.98999
3/31/14,336.369995
3/28/14,338.290009
3/27/14,338.470001
3/26/14,343.410004
3/25/14,354.709991
3/24/14,351.850006
3/21/14,360.619995
3/20/14,368.970001
3/19/14,373.230011
3/18/14,378.769989
3/17/14,375.040009
3/14/14,373.73999
3/13/14,371.51001
3/12/14,370.640015
3/11/14,368.820007
3/10/14,370.529999
3/7/14,372.059998
3/6/14,372.160004
3/5/14,372.369995
3/4/14,363.899994
3/3/14,359.779999
2/28/14,362.100006
2/27/14,360.130005
2/26/14,359.799988
2/25/14,358.320007
2/24/14,351.779999
2/21/14,346.76001
2/20/14,349.799988
2/19/14,347.380005
2/18/14,353.649994
2/14/14,357.350006
2/13/14,357.200012
2/12/14,349.25
2/11/14,361.790009
2/10/14,360.869995
2/7/14,361.079987
2/6/14,354.589996
2/5/14,346.450012
2/4/14,347.950012
2/3/14,346.149994
1/31/14,358.690002
1/30/14,403.01001
1/29/14,384.200012
1/28/14,394.429993
1/27/14,386.279999
1/24/14,387.600006
1/23/14,399.869995
1/22/14,404.540009
1/21/14,407.049988
1/17/14,399.609985
1/16/14,395.799988
1/15/14,395.869995
1/14/14,397.540009
1/13/14,390.980011
1/10/14,397.660004
1/9/14,401.01001
1/8/14,401.920013
1/7/14,398.029999
1/6/14,393.630005
1/3/14,396.440002
1/2/14,397.970001
12/31/13,398.790009
12/30/13,393.369995
12/27/13,398.079987
12/26/13,404.390015
12/24/13,399.200012
12/23/13,402.920013
12/20/13,402.200012
12/19/13,395.190002
12/18/13,395.959991
12/17/13,387.649994
12/16/13,388.970001
12/13/13,384.23999
12/12/13,381.25
12/11/13,382.190002
12/10/13,387.779999
12/9/13,384.890015
12/6/13,386.950012
12/5/13,384.48999
12/4/13,385.959991
12/3/13,384.660004
12/2/13,392.299988
11/29/13,393.619995
11/27/13,386.709991
11/26/13,381.369995
11/25/13,376.640015
11/22/13,372.309998
11/21/13,368.920013
11/20/13,362.570007
11/19/13,364.940002
11/18/13,366.179993
11/15/13,369.170013
11/14/13,367.399994
11/13/13,356.220001
11/12/13,349.529999
11/11/13,354.380005
11/8/13,350.309998
11/7/13,343.559998
11/6/13,356.179993
11/5/13,358.890015
11/4/13,358.73999
11/1/13,359
10/31/13,364.029999
10/30/13,361.079987
10/29/13,362.700012
10/28/13,358.160004
10/25/13,363.390015
10/24/13,332.209991
10/23/13,326.76001
10/22/13,332.540009
10/21/13,326.440002
10/18/13,328.929993
10/17/13,310.769989
10/16/13,310.48999
10/15/13,306.399994
10/14/13,310.700012
10/11/13,310.890015
10/10/13,305.170013
10/9/13,298.230011
10/8/13,303.230011
10/7/13,310.029999
10/4/13,319.040009
10/3/13,314.76001
10/2/13,320.51001
10/1/13,320.950012
9/30/13,312.640015
9/27/13,316.01001
9/26/13,318.119995
9/25/13,312.649994
9/24/13,314.130005
9/23/13,311.48999
9/20/13,316.339996
9/19/13,312.059998
9/18/13,312.029999
9/17/13,304.170013
9/16/13,296.059998
9/13/13,297.920013
9/12/13,298.859985
9/11/13,299.640015
9/10/13,300.359985
9/9/13,299.709991
9/6/13,295.859985
9/5/13,294.100006
9/4/13,293.640015
9/3/13,288.799988
8/30/13,280.980011
8/29/13,283.980011
8/28/13,281.579987
8/27/13,280.929993
8/26/13,286.209991
8/23/13,290.01001
8/22/13,289.730011
8/21/13,284.570007
8/20/13,287.089996
8/19/13,285.570007
8/16/13,284.820007
8/15/13,286.470001
8/14/13,291.339996
8/13/13,293.970001
8/12/13,296.690002
8/9/13,297.26001
8/8/13,295.73999
8/7/13,296.910004
8/6/13,300.75
8/5/13,300.98999
8/2/13,304.209991
8/1/13,305.570007
7/31/13,301.220001
7/30/13,302.410004
7/29/13,306.100006
7/26/13,312.01001
7/25/13,303.399994
7/24/13,298.940002
7/23/13,301.059998
7/22/13,303.480011
7/19/13,305.230011
7/18/13,304.109985
7/17/13,308.690002
7/16/13,306.869995
7/15/13,306.570007
7/12/13,307.549988
7/11/13,299.660004
7/10/13,292.329987
7/9/13,291.529999
7/8/13,290.589996
7/5/13,285.880005
7/3/13,284.029999
7/2/13,283.730011
7/1/13,282.100006
6/28/13,277.690002
6/27/13,277.549988
6/26/13,277.570007
6/25/13,272.089996
6/24/13,270.609985
6/21/13,273.359985
6/20/13,273.440002
6/19/13,278.160004
6/18/13,281.76001
6/17/13,278.059998
6/14/13,273.98999
6/13/13,275.790009
6/12/13,271.670013
6/11/13,274.779999
6/10/13,281.070007
6/7/13,276.869995
6/6/13,267.829987
6/5/13,267.170013
6/4/13,265.700012
6/3/13,266.880005
5/31/13,269.200012
5/30/13,266.829987
5/29/13,265.529999
5/28/13,267.290009
5/24/13,261.73999
5/23/13,261.799988
5/22/13,262.959991
5/21/13,268.859985
5/20/13,267.630005
5/17/13,269.899994
5/16/13,264.119995
5/15/13,266.559998
5/14/13,268.329987
5/13/13,264.51001
5/10/13,263.630005
5/9/13,260.160004
5/8/13,258.679993
5/7/13,257.730011
5/6/13,255.720001
5/3/13,258.049988
5/2/13,252.550003
5/1/13,248.229996
4/30/13,253.809998
4/29/13,249.740005
4/26/13,254.809998
4/25/13,274.700012
4/24/13,268.779999
4/23/13,268.899994
4/22/13,263.549988
4/19/13,260.320007
4/18/13,259.420013
4/17/13,267.399994
4/16/13,272.339996
4/15/13,267.720001
4/12/13,272.869995
4/11/13,269.850006
4/10/13,264.769989
4/9/13,261.140015
4/8/13,258.950012
4/5/13,255.479996
4/4/13,259.079987
4/3/13,259.029999
4/2/13,263.320007
4/1/13,261.609985
3/28/13,266.48999
3/27/13,265.299988
3/26/13,260.309998
3/25/13,256.019989
3/22/13,257.75
3/21/13,253.389999
3/20/13,257.279999
3/19/13,256.410004
3/18/13,257.890015
3/15/13,261.820007
3/14/13,265.73999
3/13/13,275.100006
3/12/13,274.130005
3/11/13,271.23999
3/8/13,274.190002
3/7/13,273.880005
3/6/13,273.790009
3/5/13,275.589996
3/4/13,273.109985
3/1/13,265.73999
2/28/13,264.269989
2/27/13,263.25
2/26/13,259.359985
2/25/13,259.869995
2/22/13,265.420013
2/21/13,265.940002
2/20/13,266.410004
2/19/13,269.75
2/15/13,265.089996
2/14/13,269.23999
2/13/13,269.470001
2/12/13,258.700012
2/11/13,257.209991
2/8/13,261.950012
2/7/13,260.230011
2/6/13,262.220001
2/5/13,266.890015
2/4/13,259.980011
2/1/13,265
1/31/13,265.5
1/30/13,272.76001
1/29/13,260.350006
1/28/13,276.040009
1/25/13,283.98999
1/24/13,273.459991
1/23/13,268.109985
1/22/13,270.190002
1/18/13,272.119995
1/17/13,270.480011
1/16/13,268.929993
1/15/13,271.899994
1/14/13,272.730011
1/11/13,267.940002
1/10/13,265.339996
1/9/13,266.350006
1/8/13,266.380005
1/7/13,268.459991
1/4/13,259.149994
1/3/13,258.480011
1/2/13,257.309998
12/31/12,250.869995
12/28/12,245.179993
12/27/12,248.309998
12/26/12,248.630005
12/24/12,258.619995
12/21/12,256.920013
12/20/12,261.5
12/19/12,257.98999
12/18/12,260.399994
12/17/12,253.860001
12/14/12,249.190002
12/13/12,251.25
12/12/12,251.759995
12/11/12,250.690002
12/10/12,247.770004
12/7/12,253.270004
12/6/12,253.369995
12/5/12,253.960007
12/4/12,252.490005
12/3/12,250.330002
11/30/12,252.050003
11/29/12,251.270004
11/28/12,247.110001
11/27/12,243.399994
11/26/12,243.619995
11/23/12,239.880005
11/21/12,238.029999
11/20/12,233.779999
11/19/12,229.710007
11/16/12,225.229996
11/15/12,220.600006
11/14/12,222.949997
11/13/12,226.600006
11/12/12,226.470001
11/9/12,226.309998
11/8/12,227.350006
11/7/12,232.059998
11/6/12,237.559998
11/5/12,234.330002
11/2/12,232.419998
11/1/12,232.139999
10/31/12,232.889999
10/26/12,238.240005
10/25/12,222.919998
10/24/12,228.490005
10/23/12,234.309998
10/22/12,233.779999
10/19/12,240
10/18/12,244.850006
10/17/12,247.490005
10/16/12,243.940002
10/15/12,244.179993
10/12/12,242.360001
10/11/12,244.220001
10/10/12,244.990005
10/9/12,250.960007
10/8/12,259.059998
10/5/12,258.51001
10/4/12,260.470001
10/3/12,255.919998
10/2/12,250.600006
10/1/12,252.009995
9/28/12,254.320007
9/27/12,256.589996
9/26/12,249.669998
9/25/12,252.460007
9/24/12,254.800003
9/21/12,257.470001
9/20/12,260.809998
9/19/12,261.679993
9/18/12,258.75
9/17/12,258
9/14/12,261.269989
9/13/12,260.23999
9/12/12,255.630005
9/11/12,255.669998
9/10/12,257.089996
9/7/12,259.140015
9/6/12,251.380005
9/5/12,246.220001
9/4/12,247.880005
8/31/12,248.270004
8/30/12,246.220001
8/29/12,247.119995
8/28/12,246.110001
8/27/12,243.919998
8/24/12,245.740005
8/23/12,241.199997
8/22/12,243.100006
8/21/12,239.449997
8/20/12,240.350006
8/17/12,241.169998
8/16/12,241.550003
8/15/12,237.419998
8/14/12,233.190002
8/13/12,232.440002
8/10/12,232.75
8/9/12,234.059998
8/8/12,234.380005
8/7/12,236.559998
8/6/12,233.990005
8/3/12,234.970001
8/2/12,230.809998
8/1/12,232.089996
7/31/12,233.300003
7/30/12,236.089996
7/27/12,237.320007
7/26/12,220.009995
7/25/12,217.050003
7/24/12,223.039993
7/23/12,226.009995
7/20/12,228.289993
7/19/12,226.169998
7/18/12,217.470001
7/17/12,216.929993
7/16/12,216.009995
7/13/12,218.389999
7/12/12,215.360001
7/11/12,218.369995
7/10/12,219.5
7/9/12,225.050003
7/6/12,225.050003
7/5/12,227.059998
7/3/12,229.529999
7/2/12,229.320007
6/29/12,228.350006
6/28/12,221.309998
6/27/12,225.619995
6/26/12,225.610001
6/25/12,220.070007
6/22/12,222.160004
6/21/12,220.570007
6/20/12,223.020004
6/19/12,224.029999
6/18/12,222.660004
6/15/12,218.350006
6/14/12,214.449997
6/13/12,214.729996
6/12/12,216.419998
6/11/12,216.5
6/8/12,218.479996
6/7/12,218.800003
6/6/12,217.639999
6/5/12,213.210007
6/4/12,214.570007
6/1/12,208.220001
5/31/12,212.910004
5/30/12,209.229996
5/29/12,214.75
5/25/12,212.889999
5/24/12,215.240005
5/23/12,217.279999
5/22/12,215.330002
5/21/12,218.110001
5/18/12,213.850006
5/17/12,218.360001
5/16/12,224.059998
5/15/12,224.389999
5/14/12,222.929993
5/11/12,227.679993
5/10/12,226.690002
5/9/12,222.979996
5/8/12,223.899994
5/7/12,225.160004
5/4/12,223.990005
5/3/12,229.449997
5/2/12,230.25
5/1/12,230.039993
4/30/12,231.899994
4/27/12,226.850006
4/26/12,195.990005
4/25/12,194.419998
4/24/12,190.330002
4/23/12,188.240005
4/20/12,189.979996
4/19/12,191.100006
4/18/12,191.070007
4/17/12,188.389999
4/16/12,185.5
4/13/12,188.460007
4/12/12,190.690002
4/11/12,187.970001
4/10/12,186.979996
4/9/12,191.869995
4/5/12,194.389999
4/4/12,193.990005
4/3/12,199.660004
4/2/12,198.050003
3/30/12,202.509995
3/29/12,204.610001
3/28/12,201.160004
3/27/12,205.440002
3/26/12,202.869995
3/23/12,195.039993
3/22/12,192.399994
3/21/12,191.729996
3/20/12,192.330002
3/19/12,185.520004
3/16/12,185.050003
3/15/12,184.429993
3/14/12,182.259995
3/13/12,184.589996
3/12/12,183.389999
3/9/12,184.320007
3/8/12,187.639999
3/7/12,183.770004
3/6/12,181.089996
3/5/12,180.259995
3/2/12,179.300003
3/1/12,180.039993
2/29/12,179.690002
2/28/12,183.800003
2/27/12,178.529999
2/24/12,179.130005
2/23/12,178.889999
2/22/12,180.580002
2/21/12,182.259995
2/17/12,182.5
2/16/12,179.929993
2/15/12,184.470001
2/14/12,191.300003
2/13/12,191.589996
2/10/12,185.539993
2/9/12,184.979996
2/8/12,185.479996
2/7/12,184.190002
2/6/12,183.139999
2/3/12,187.679993
2/2/12,181.720001
2/1/12,179.460007
1/31/12,194.440002
1/30/12,192.149994
1/27/12,195.369995
1/26/12,193.320007
1/25/12,187.800003
1/24/12,187
1/23/12,186.089996
1/20/12,190.929993
1/19/12,194.449997
1/18/12,189.440002
1/17/12,181.660004
1/13/12,178.419998
1/12/12,175.929993
1/11/12,178.899994
1/10/12,179.339996
1/9/12,178.559998
1/6/12,182.610001
1/5/12,177.610001
1/4/12,177.509995
1/3/12,179.029999
12/30/11,173.100006
12/29/11,173.860001
12/28/11,173.889999
12/27/11,176.270004
12/23/11,177.279999
12/22/11,179.029999
12/21/11,174.350006
12/20/11,182.520004
12/19/11,179.330002
12/16/11,181.259995
12/15/11,181.259995
12/14/11,180.210007
12/13/11,180.509995
12/12/11,189.520004
12/9/11,193.029999
12/8/11,190.479996
12/7/11,195.320007
12/6/11,191.990005
12/5/11,196.240005
12/2/11,196.029999
12/1/11,197.130005
11/30/11,192.289993
11/29/11,188.389999
11/28/11,194.149994
11/25/11,182.399994
11/23/11,188.990005
11/22/11,192.339996
11/21/11,189.25
11/18/11,197.139999
11/17/11,204.520004
11/16/11,211.990005
11/15/11,217.830002
11/14/11,218.929993
11/11/11,217.389999
11/10/11,210.789993
11/9/11,211.220001
11/8/11,217.990005
11/7/11,217
11/4/11,216.479996
11/3/11,218.289993
11/2/11,215.619995
11/1/11,212.100006
10/31/11,213.509995
10/28/11,217.320007
10/27/11,206.779999
10/26/11,198.399994
10/25/11,227.149994
10/24/11,237.610001
10/21/11,234.779999
10/20/11,233.610001
10/19/11,231.529999
10/18/11,243.880005
10/17/11,242.330002
10/14/11,246.710007
10/13/11,236.149994
10/12/11,236.809998
10/11/11,235.479996
10/10/11,231.320007
10/7/11,224.740005
10/6/11,221.509995
10/5/11,219.5
10/4/11,212.5
10/3/11,211.979996
9/30/11,216.229996
9/29/11,222.440002
9/28/11,229.710007
9/27/11,224.210007
9/26/11,229.850006
9/23/11,223.610001
9/22/11,223.229996
9/21/11,231.869995
9/20/11,233.25
9/19/11,241.690002
9/16/11,239.300003
9/15/11,226.779999
9/14/11,222.570007
9/13/11,219.529999
9/12/11,216.559998
9/9/11,211.389999
9/8/11,217.259995
9/7/11,219.899994
9/6/11,216.179993
9/2/11,210
9/1/11,212.539993
8/31/11,215.229996
8/30/11,210.919998
8/29/11,206.529999
8/26/11,199.270004
8/25/11,192.029999
8/24/11,193.729996
8/23/11,193.550003
8/22/11,177.539993
8/19/11,178.929993
8/18/11,182.520004
8/17/11,195.929993
8/16/11,197.679993
8/15/11,202.949997
8/12/11,202.300003
8/11/11,198.360001
8/10/11,194.130005
8/9/11,205.089996
8/8/11,193.699997
8/5/11,202.699997
8/4/11,201.479996
8/3/11,209.960007
8/2/11,211.699997
8/1/11,221.320007
7/29/11,222.520004
7/28/11,223.899994
7/27/11,222.520004
7/26/11,214.179993
7/25/11,213.490005
7/22/11,216.520004
7/21/11,213.210007
7/20/11,215.550003
7/19/11,218.059998
7/18/11,211.529999
7/15/11,212.869995
7/14/11,210.380005
7/13/11,213.5
7/12/11,211.229996
7/11/11,212.550003
7/8/11,218.279999
7/7/11,216.740005
7/6/11,214.190002
7/5/11,213.190002
7/1/11,209.490005
6/30/11,204.490005
6/29/11,204.179993
6/28/11,202.350006
6/27/11,201.25
6/24/11,192.550003
6/23/11,194.160004
6/22/11,191.630005
6/21/11,194.229996
6/20/11,187.720001
6/17/11,186.369995
6/16/11,183.649994
6/15/11,185.979996
6/14/11,189.960007
6/13/11,186.289993
6/10/11,186.529999
6/9/11,189.679993
6/8/11,188.050003
6/7/11,187.550003
6/6/11,185.690002
6/3/11,188.320007
6/2/11,193.649994
6/1/11,192.399994
5/31/11,196.690002
5/27/11,194.130005
5/26/11,195
5/25/11,192.259995
5/24/11,193.270004
5/23/11,196.220001
5/20/11,198.649994
5/19/11,198.800003
5/18/11,197.089996
5/17/11,194.809998
5/16/11,192.509995
5/13/11,202.559998
5/12/11,206.070007
5/11/11,204.380005
5/10/11,203.940002
5/9/11,200.800003
5/6/11,197.600006
5/5/11,197.110001
5/4/11,199.970001
5/3/11,198.449997
5/2/11,201.190002
4/29/11,195.809998
4/28/11,195.070007
4/27/11,196.630005
4/26/11,182.300003
4/25/11,185.419998
4/21/11,185.889999
4/20/11,183.869995
4/19/11,178.820007
4/18/11,178.339996
4/15/11,180.009995
4/14/11,181.820007
4/13/11,182.289993
4/12/11,180.479996
4/11/11,184.039993
4/8/11,184.710007
4/7/11,184.910004
4/6/11,182.759995
4/5/11,185.289993
4/4/11,182.940002
4/1/11,180.130005
3/31/11,180.130005
3/30/11,179.419998
3/29/11,174.619995
3/28/11,169.350006
3/25/11,170.979996
3/24/11,171.100006
3/23/11,165.320007
3/22/11,162.600006
3/21/11,164.520004
3/18/11,161.820007
3/17/11,160.970001
3/16/11,164.699997
3/15/11,165.080002
3/14/11,166.729996
3/11/11,168.070007
3/10/11,166.139999
3/9/11,169.050003
3/8/11,166.889999
3/7/11,169.080002
3/4/11,171.669998
3/3/11,172.789993
3/2/11,172.020004
3/1/11,169.440002
2/28/11,173.289993
2/25/11,177.240005
2/24/11,177.75
2/23/11,176.679993
2/22/11,180.419998
2/18/11,186.5
2/17/11,187.759995
2/16/11,186.619995
2/15/11,189.029999
2/14/11,190.419998
2/11/11,189.25
2/10/11,186.210007
2/9/11,185.300003
2/8/11,183.059998
2/7/11,176.429993
2/4/11,175.929993
2/3/11,173.710007
2/2/11,173.529999
2/1/11,172.110001
1/31/11,169.639999
1/28/11,171.139999
1/27/11,184.449997
1/26/11,175.389999
1/25/11,176.699997
1/24/11,176.850006
1/21/11,177.419998
1/20/11,181.960007
1/19/11,186.869995
1/18/11,191.25
1/14/11,188.75
1/13/11,185.529999
1/12/11,184.080002
1/11/11,184.339996
1/10/11,184.679993
1/7/11,185.490005
1/6/11,185.860001
1/5/11,187.419998
1/4/11,185.009995
1/3/11,184.220001
12/31/10,180
12/30/10,182.75
12/29/10,183.369995
12/28/10,181.089996
12/27/10,182.139999
12/23/10,182.589996
12/22/10,184.759995
12/21/10,184.75
12/20/10,183.289993
12/17/10,177.580002
12/16/10,178.039993
12/15/10,175.570007
12/14/10,173.940002
12/13/10,174.25
12/10/10,175.619995
12/9/10,174.850006
12/8/10,176.289993
12/7/10,176.770004
12/6/10,178.050003
12/3/10,175.679993
12/2/10,176.529999
12/1/10,176.550003
11/30/10,175.399994
11/29/10,179.490005
11/26/10,177.199997
11/24/10,177.25
11/23/10,168.199997
11/22/10,170.389999
11/19/10,164.820007
11/18/10,164.169998
11/17/10,158.350006
11/16/10,157.779999
11/15/10,158.899994
11/12/10,165.679993
11/11/10,170.369995
11/10/10,173.330002
11/9/10,170.270004
11/8/10,171.990005
11/5/10,170.770004
11/4/10,168.929993
11/3/10,168.470001
11/2/10,164.610001
11/1/10,162.580002
10/29/10,165.229996
10/28/10,166.839996
10/27/10,167.509995
10/26/10,169.949997
10/25/10,169
10/22/10,169.130005
10/21/10,164.970001
10/20/10,158.669998
10/19/10,158.669998
10/18/10,163.559998
10/15/10,164.639999
10/14/10,155.529999
10/13/10,155.169998
10/12/10,156.479996
10/11/10,153.029999
10/8/10,155.550003
10/7/10,156.270004
10/6/10,155.399994
10/5/10,160.869995
10/4/10,155.389999
10/1/10,153.710007
9/30/10,157.059998
9/29/10,158.990005
9/28/10,159.699997
9/27/10,159.369995
9/24/10,160.729996
9/23/10,152.850006
9/22/10,151.830002
9/21/10,150.729996
9/20/10,151.300003
9/17/10,148.320007
9/16/10,148.130005
9/15/10,145.449997
9/14/10,145.75
9/13/10,145.070007
9/10/10,142.440002
9/9/10,140.380005
9/8/10,139.139999
9/7/10,137.220001
9/3/10,138.789993
9/2/10,135.210007
9/1/10,132.490005
8/31/10,124.830002
8/30/10,123.790001
8/27/10,126.639999
8/26/10,124.860001
8/25/10,126.849998
8/24/10,124.529999
8/23/10,126.599998
8/20/10,127.760002
8/19/10,127.57
8/18/10,129.649994
8/17/10,128.860001
8/16/10,126.07
8/13/10,124.690002
8/12/10,126.559998
8/11/10,125.889999
8/10/10,130
8/9/10,128.830002
8/6/10,128.320007
8/5/10,127.830002
8/4/10,127.580002
8/3/10,122.419998
8/2/10,120.07
7/30/10,117.889999
7/29/10,116.860001
7/28/10,117.129997
7/27/10,117.129997
7/26/10,118.400002
7/23/10,118.870003
7/22/10,120.07
7/21/10,117.43
7/20/10,120.099998
7/19/10,119.940002
7/16/10,118.489998
7/15/10,122.059998
7/14/10,123.300003
7/13/10,123.650002
7/12/10,119.510002
7/9/10,117.260002
7/8/10,116.220001
7/7/10,113.43
7/6/10,110.059998
7/2/10,109.139999
7/1/10,110.959999
6/30/10,109.260002
6/29/10,108.610001
6/28/10,117.800003
6/25/10,121
6/24/10,118.330002
6/23/10,121.449997
6/22/10,122.309998
6/21/10,122.550003
6/18/10,125.830002
6/17/10,125.889999
6/16/10,126.900002
6/15/10,126.839996
6/14/10,123.830002
6/11/10,123.029999
6/10/10,123.209999
6/9/10,117.910004
6/8/10,118.839996
6/7/10,122.010002
6/4/10,122.769997
6/3/10,128.759995
6/2/10,126.309998
6/1/10,123.239998
5/28/10,125.459999
5/27/10,126.699997
5/26/10,123.209999
5/25/10,124.860001
5/24/10,122.120003
5/21/10,122.720001
5/20/10,119.709999
5/19/10,124.589996
5/18/10,126.279999
5/17/10,128.910004
5/14/10,128.529999
5/13/10,131.470001
5/12/10,133.869995
5/11/10,130.460007
5/10/10,131.289993
5/7/10,124.980003
5/6/10,128.710007
5/5/10,130.929993
5/4/10,129.830002
5/3/10,137.490005
4/30/10,137.100006
4/29/10,141.729996
4/28/10,139.350006
4/27/10,142.020004
4/26/10,147.110001
4/23/10,143.630005
4/22/10,150.089996
4/21/10,146.429993
4/20/10,144.199997
4/19/10,142.429993
4/16/10,142.169998
4/15/10,145.820007
4/14/10,144.279999
4/13/10,140.160004
4/12/10,141.199997
4/9/10,140.059998
4/8/10,140.960007
4/7/10,134.869995
4/6/10,135.559998
4/5/10,131.490005
4/1/10,131.809998
3/31/10,135.770004
3/30/10,136.580002
3/29/10,135.119995
3/26/10,135.059998
3/25/10,134.729996
3/24/10,128.039993
3/23/10,129.259995
3/22/10,130.470001
3/19/10,130.350006
3/18/10,132.759995
3/17/10,131.339996
3/16/10,131.789993
3/15/10,131.130005
3/12/10,131.820007
3/11/10,133.580002
3/10/10,130.509995
3/9/10,128.820007
3/8/10,130.110001
3/5/10,128.910004
3/4/10,128.529999
3/3/10,125.889999
3/2/10,125.529999
3/1/10,124.540001
2/26/10,118.400002
2/25/10,118.199997
2/24/10,119.720001
2/23/10,117.239998
2/22/10,118.010002
2/19/10,117.519997
2/18/10,118.080002
2/17/10,116.309998
2/16/10,117.529999
2/12/10,119.660004
2/11/10,120.089996
2/10/10,117.360001
2/9/10,118.029999
2/8/10,116.830002
2/5/10,117.389999
2/4/10,115.940002
2/3/10,119.099998
2/2/10,118.120003
2/1/10,118.870003
1/29/10,125.410004
1/28/10,126.029999
1/27/10,122.75
1/26/10,119.480003
1/25/10,120.309998
1/22/10,121.43
1/21/10,126.620003
1/20/10,125.779999
1/19/10,127.610001
1/15/10,127.139999
1/14/10,127.349998
1/13/10,129.110001
1/12/10,127.349998
1/11/10,130.309998
1/8/10,133.520004
1/7/10,130
1/6/10,132.25
1/5/10,134.690002
1/4/10,133.899994
12/31/09,134.520004
12/30/09,136.490005
12/29/09,139.410004
12/28/09,139.309998
12/24/09,138.470001
12/23/09,138.940002
12/22/09,133.75
12/21/09,132.789993
12/18/09,128.479996
12/17/09,126.910004
12/16/09,128.360001
12/15/09,130.229996
12/14/09,131.380005
12/11/09,134.149994
12/10/09,135.380005
12/9/09,131.309998
12/8/09,134.110001
12/7/09,134.210007
12/4/09,137.580002
12/3/09,141.169998
12/2/09,142.25
12/1/09,138.5
11/30/09,135.910004
11/27/09,131.740005
11/25/09,134.029999
11/24/09,132.940002
11/23/09,133
11/20/09,129.660004
11/19/09,128.990005
11/18/09,131.289993
11/17/09,131.25
11/16/09,131.589996
11/13/09,132.970001
11/12/09,130.529999
11/11/09,129.910004
11/10/09,130.149994
11/9/09,126.669998
11/6/09,126.199997
11/5/09,120.610001
11/4/09,117.099998
11/3/09,118.370003
11/2/09,118.839996
10/30/09,118.809998
10/29/09,122.580002
10/28/09,121.639999
10/27/09,122.07
10/26/09,124.639999
10/23/09,118.489998
10/22/09,93.449997
10/21/09,93.419998
10/20/09,94.980003
10/19/09,94.68
10/16/09,95.32
10/15/09,96.010002
10/14/09,97.459999
10/13/09,94.830002
10/12/09,93.599998
10/9/09,95.709999
10/8/09,95.220001
10/7/09,93.970001
10/6/09,90.910004
10/5/09,88.669998
10/2/09,89.849998
10/1/09,91.040001
9/30/09,93.360001
9/29/09,91.720001
9/28/09,92.209999
9/25/09,90.519997
9/24/09,92.110001
9/23/09,92.379997
9/22/09,93.75
9/21/09,90.559998
9/18/09,90.279999
9/17/09,90.440002
9/16/09,90.699997
9/15/09,83.550003
9/14/09,83.860001
9/11/09,84.540001
9/10/09,83.849998
9/9/09,82.239998
9/8/09,80.900002
9/4/09,78.870003
9/3/09,78.459999
9/2/09,78.139999
9/1/09,79.160004
8/31/09,81.190002
8/28/09,82.760002
8/27/09,84.309998
8/26/09,84
8/25/09,84.190002
8/24/09,84.5
8/21/09,85
8/20/09,84.089996
8/19/09,83
8/18/09,82.120003
8/17/09,81.059998
8/14/09,83.580002
8/13/09,84.599998
8/12/09,85.959999
8/11/09,83.559998
8/10/09,84.440002
8/7/09,85.32
8/6/09,84.470001
8/5/09,84.290001
8/4/09,85.800003
8/3/09,87.440002
7/31/09,85.760002
7/30/09,86.089996
7/29/09,84.339996
7/28/09,84.980003
7/27/09,84.239998
7/24/09,86.489998
7/23/09,93.870003
7/22/09,88.790001
7/21/09,89.010002
7/20/09,88.230003
7/17/09,85.849998
7/16/09,86.110001
7/15/09,84.550003
7/14/09,81.949997
7/13/09,81.470001
7/10/09,77.629997
7/9/09,78.099998
7/8/09,77.360001
7/7/09,75.629997
7/6/09,78.099998
7/2/09,79.32
7/1/09,81.599998
6/30/09,83.660004
6/29/09,83.029999
6/26/09,83.879997
6/25/09,82.199997
6/24/09,79.269997
6/23/09,77.68
6/22/09,79.150002
6/19/09,82.959999
6/18/09,81.599998
6/17/09,82.650002
6/16/09,82.150002
6/15/09,83.18
6/12/09,84.080002
6/11/09,85.690002
6/10/09,86.589996
6/9/09,87.080002
6/8/09,86.360001
6/5/09,87.559998
6/4/09,85.519997
6/3/09,85.68
6/2/09,84.93
6/1/09,83.050003
5/29/09,77.989998
5/28/09,77.650002
5/27/09,77.099998
5/26/09,78.389999
5/22/09,75.639999
5/21/09,75.959999
5/20/09,77.970001
5/19/09,77.870003
5/18/09,75.949997
5/15/09,73.599998
5/14/09,75.110001
5/13/09,74.190002
5/12/09,77.93
5/11/09,78.610001
5/8/09,77.949997
5/7/09,79.279999
5/6/09,81.989998
5/5/09,81.900002
5/4/09,79.769997
5/1/09,78.959999
4/30/09,80.519997
4/29/09,79.790001
4/28/09,82.400002
4/27/09,83.120003
4/24/09,84.459999
4/23/09,80.610001
4/22/09,79.199997
4/21/09,78.739998
4/20/09,77.57
4/17/09,78.050003
4/16/09,77.25
4/15/09,74.709999
4/14/09,77.220001
4/13/09,78.940002
4/9/09,79.769997
4/8/09,76.980003
4/7/09,75.510002
4/6/09,77.989998
4/3/09,78.169998
4/2/09,76.339996
4/1/09,73.5
3/31/09,73.440002
3/30/09,71.440002
3/27/09,70.519997
3/26/09,73.690002
3/25/09,72.400002
3/24/09,72.809998
3/23/09,75.580002
3/20/09,69.959999
3/19/09,70.099998
3/18/09,71.25
3/17/09,71.349998
3/16/09,66.980003
3/13/09,68.629997
3/12/09,69.580002
3/11/09,68.540001
3/10/09,65.709999
3/9/09,60.490002
3/6/09,61.689999
3/5/09,64.769997
3/4/09,64.809998
3/3/09,61.700001
3/2/09,61.990002
2/27/09,64.790001
2/26/09,62.34
2/25/09,63.709999
2/24/09,65.599998
2/23/09,61.709999
2/20/09,63.860001
2/19/09,61.950001
2/18/09,62.349998
2/17/09,61.669998
2/13/09,63.259998
2/12/09,63.959999
2/11/09,64.349998
2/10/09,63.310001
2/9/09,66.709999
2/6/09,66.550003
2/5/09,63.18
2/4/09,61.060001
2/3/09,63.59
2/2/09,61.150002
1/30/09,58.82
1/29/09,50
1/28/09,50.360001
1/27/09,48.439999
1/26/09,49.630001
1/23/09,50.630001
1/22/09,49.939999
1/21/09,50.540001
1/20/09,48.439999
1/16/09,51.59
1/15/09,51.439999
1/14/09,48.490002
1/13/09,51.450001
1/12/09,51.919998
1/9/09,55.509998
1/8/09,57.16
1/7/09,56.200001
1/6/09,57.360001
1/5/09,54.060001
1/2/09,54.360001
12/31/08,51.279999
12/30/08,50.759998
12/29/08,49.400002
12/26/08,51.779999
12/24/08,51.439999
12/23/08,51.080002
12/22/08,49.84
12/19/08,51.560001
12/18/08,52.080002
12/17/08,53.18
12/16/08,52.630001
12/15/08,48.849998
12/12/08,51.25
12/11/08,48.25
12/10/08,49.700001
12/9/08,51.25
12/8/08,51.41
12/5/08,48.259998
12/4/08,47.32
12/3/08,45.209999
12/2/08,41.189999
12/1/08,40.470001
11/28/08,42.700001
11/26/08,43.959999
11/25/08,42.189999
11/24/08,42.5
11/21/08,37.869999
11/20/08,35.029999
11/19/08,35.84
11/18/08,38.439999
11/17/08,39.689999
11/14/08,41.75
11/13/08,44.93
11/12/08,41.560001
11/11/08,46.299999
11/10/08,48.459999
11/7/08,49.209999
11/6/08,47.220001
11/5/08,51.98
11/4/08,58.450001
11/3/08,55.77
10/31/08,57.240002
10/30/08,56.709999
10/29/08,56.889999
10/28/08,56.040001
10/27/08,49.580002
10/24/08,48.959999
10/23/08,50.32
10/22/08,49.990002
10/21/08,50.23
10/20/08,52.970001
10/17/08,50.650002
10/16/08,50.290001
10/15/08,48.720001
10/14/08,55.860001
10/13/08,62.02
10/10/08,56.25
10/9/08,56
10/8/08,61.02
10/7/08,58.52
10/6/08,65.230003
10/3/08,67
10/2/08,67.360001
10/1/08,69.580002
9/30/08,72.760002
9/29/08,63.349998
9/26/08,70.699997
9/25/08,72.080002
9/24/08,69.959999
9/23/08,71.760002
9/22/08,74.93
9/19/08,81
9/18/08,76.5
9/17/08,71.540001
9/16/08,78.730003
9/15/08,77.339996
9/12/08,78.300003
9/11/08,79.510002
9/10/08,76.739998
9/9/08,79.040001
9/8/08,81.160004
9/5/08,79.190002
9/4/08,78.029999
9/3/08,80.769997
9/2/08,81.410004
8/29/08,80.809998
8/28/08,83.419998
8/27/08,81.730003
8/26/08,81.760002
8/25/08,82.849998
8/22/08,85.260002
8/21/08,83.260002
8/20/08,82.129997
8/19/08,81.290001
8/18/08,83.110001
8/15/08,86.400002
8/14/08,88.029999
8/13/08,86.690002
8/12/08,87.25
8/11/08,88.089996
8/8/08,80.510002
8/7/08,76.949997
8/6/08,78.089996
8/5/08,79.110001
8/4/08,75.709999
8/1/08,75.75
7/31/08,76.339996
7/30/08,78.209999
7/29/08,78.209999
7/28/08,75.980003
7/25/08,78.309998
7/24/08,78.720001
7/23/08,70.540001
7/22/08,67.970001
7/21/08,68.480003
7/18/08,69.120003
7/17/08,72.110001
7/16/08,71.839996
7/15/08,67.029999
7/14/08,66.279999
7/11/08,68.540001
7/10/08,70.629997
7/9/08,70.610001
7/8/08,75.040001
7/7/08,72.489998
7/3/08,72
7/2/08,71.440002
7/1/08,73.620003
6/30/08,73.330002
6/27/08,74.660004
6/26/08,76.300003
6/25/08,80.510002
6/24/08,79.639999
6/23/08,80.68
6/20/08,81.099998
6/19/08,84.260002
6/18/08,82.519997
6/17/08,82.970001
6/16/08,81.699997
6/13/08,79.169998
6/12/08,76.150002
6/11/08,77.279999
6/10/08,79.620003
6/9/08,79.43
6/6/08,80.629997
6/5/08,84.510002
6/4/08,81.5
6/3/08,80.110001
6/2/08,80.230003
5/30/08,81.620003
5/29/08,80.349998
5/28/08,80.080002
5/27/08,80.620003
5/23/08,78.349998
5/22/08,79.260002
5/21/08,78.300003
5/20/08,80.720001
5/19/08,82.290001
5/16/08,76.459999
5/15/08,76.120003
5/14/08,74.199997
5/13/08,74.559998
5/12/08,74.529999
5/9/08,72.410004
5/8/08,72.790001
5/7/08,73.18
5/6/08,75.709999
5/5/08,75.919998
5/2/08,77.309998
5/1/08,79.360001
4/30/08,78.629997
4/29/08,80.739998
4/28/08,81.970001
4/25/08,80.860001
4/24/08,77.690002
4/23/08,81
4/22/08,79.599998
4/21/08,80.18
4/18/08,80.099998
4/17/08,74.040001
4/16/08,74.589996
4/15/08,72.5
4/14/08,72.610001
4/11/08,71.989998
4/10/08,74.830002
4/9/08,74.389999
4/8/08,77.300003
4/7/08,76.900002
4/4/08,76.870003
4/3/08,74.940002
4/2/08,77.370003
4/1/08,76.699997
3/31/08,71.300003
3/28/08,69.760002
3/27/08,70.800003
3/26/08,73.800003
3/25/08,75.169998
3/24/08,75.949997
3/20/08,73.190002
3/19/08,70.169998
3/18/08,71.699997
3/17/08,66.529999
3/14/08,68.220001
3/13/08,68.32
3/12/08,66.510002
3/11/08,67.150002
3/10/08,63.470001
3/7/08,64.089996
3/6/08,62.740002
3/5/08,64.989998
3/4/08,65.339996
3/3/08,62.43
2/29/08,64.470001
2/28/08,67.849998
2/27/08,70.870003
2/26/08,71.690002
2/25/08,73.269997
2/22/08,72.080002
2/21/08,69.900002
2/20/08,73.639999
2/19/08,72.080002
2/15/08,72.959999
2/14/08,75.800003
2/13/08,77.730003
2/12/08,74.449997
2/11/08,75.190002
2/8/08,73.5
2/7/08,70.910004
2/6/08,68.489998
2/5/08,72.089996
2/4/08,73.949997
2/1/08,74.629997
1/31/08,77.699997
1/30/08,74.209999
1/29/08,73.949997
1/28/08,75.82
1/25/08,77.599998
1/24/08,77.669998
1/23/08,73.970001
1/22/08,78.480003
1/18/08,79.760002
1/17/08,80.120003
1/16/08,80.349998
1/15/08,80.239998
1/14/08,82.870003
1/11/08,81.080002
1/10/08,84.260002
1/9/08,85.220001
1/8/08,87.879997
1/7/08,88.82
1/4/08,88.790001
1/3/08,95.209999
1/2/08,96.25
12/31/07,92.639999
12/28/07,94.449997
12/27/07,94.25
12/26/07,92.849998
12/24/07,91.010002
12/21/07,91.260002
12/20/07,90.580002
12/19/07,89.379997
12/18/07,86.889999
12/17/07,85.089996
12/14/07,89.080002
12/13/07,92.400002
12/12/07,91.279999
12/11/07,90.75
12/10/07,93.019997
12/7/07,94.309998
12/6/07,94.209999
12/5/07,93.190002
12/4/07,94.410004
12/3/07,90.910004
11/30/07,90.559998
11/29/07,89.150002
11/28/07,90.300003
11/27/07,85.589996
11/26/07,81.300003
11/23/07,81.43
11/21/07,79.760002
11/20/07,80.389999
11/19/07,79.18
11/16/07,78.599998
11/15/07,77.849998
11/14/07,78.510002
11/13/07,79.860001
11/12/07,77
11/9/07,78.889999
11/8/07,83.580002
11/7/07,87.040001
11/6/07,87.269997
11/5/07,84.370003
11/2/07,85.980003
11/1/07,87.650002
10/31/07,89.150002
10/30/07,88.239998
10/29/07,90.099998
10/26/07,90
10/25/07,88.209999
10/24/07,88.730003
10/23/07,100.82
10/22/07,91.290001
10/19/07,89.760002
10/18/07,89.849998
10/17/07,90.550003
10/16/07,89.529999
10/15/07,90.529999
10/12/07,92.370003
10/11/07,89.339996
10/10/07,94.660004
10/9/07,95.32
10/8/07,95.849998
10/5/07,93.43
10/4/07,92.260002
10/3/07,92.459999
10/2/07,92.360001
10/1/07,93.410004
9/28/07,93.150002
9/27/07,93.379997
9/26/07,93.43
9/25/07,93.480003
9/24/07,92.589996
9/21/07,91.300003
9/20/07,89.650002
9/19/07,89
9/18/07,88.75
9/17/07,86.910004
9/14/07,87.769997
9/13/07,87.260002
9/12/07,87.300003
9/11/07,86.279999
9/10/07,83.339996
9/7/07,84.519997
9/6/07,86.209999
9/5/07,83.75
9/4/07,82.699997
8/31/07,79.910004
8/30/07,78.68
8/29/07,79.050003
8/28/07,76.220001
8/27/07,78.650002
8/24/07,79.25
8/23/07,77.300003
8/22/07,78.5
8/21/07,77.489998
8/20/07,74.699997
8/17/07,75.019997
8/16/07,72.790001
8/15/07,72.379997
8/14/07,73.449997
8/13/07,74.870003
8/10/07,74.779999
8/9/07,74.110001
8/8/07,77.779999
8/7/07,79.139999
8/6/07,79
8/3/07,76.800003
8/2/07,79.709999
8/1/07,77.309998
7/31/07,78.540001
7/30/07,82.699997
7/27/07,84.040001
7/26/07,84.010002
7/25/07,86.18
7/24/07,69.25
7/23/07,71.739998
7/20/07,71.629997
7/19/07,73.349998
7/18/07,73.32
7/17/07,73.790001
7/16/07,73.690002
7/13/07,75.099998
7/12/07,72.790001
7/11/07,70.730003
7/10/07,70.279999
7/9/07,72.07
7/6/07,68.970001
7/5/07,68.730003
7/3/07,69.449997
7/2/07,69.610001
6/29/07,68.410004
6/28/07,68.889999
6/27/07,68.139999
6/26/07,67.480003
6/25/07,68.660004
6/22/07,68.860001
6/21/07,69.669998
6/20/07,69.099998
6/19/07,69.809998
6/18/07,71.830002
6/15/07,72.400002
6/14/07,71.940002
6/13/07,70.889999
6/12/07,70.07
6/11/07,71.169998
6/8/07,73.239998
6/7/07,72.040001
6/6/07,72.290001
6/5/07,73.650002
6/4/07,70.419998
6/1/07,68.580002
5/31/07,69.139999
5/30/07,69.860001
5/29/07,69.629997
5/25/07,68.550003
5/24/07,69.349998
5/23/07,69
5/22/07,68.879997
5/21/07,68.300003
5/18/07,63.299999
5/17/07,62.169998
5/16/07,63.220001
5/15/07,60.580002
5/14/07,61.700001
5/11/07,61.560001
5/10/07,60.919998
5/9/07,62.849998
5/8/07,61.830002
5/7/07,60.82
5/4/07,63.23
5/3/07,62.189999
5/2/07,61.18
5/1/07,62.040001
4/30/07,61.330002
4/27/07,62.599998
4/26/07,62.779999
4/25/07,56.810001
4/24/07,44.75
4/23/07,44.77
4/20/07,44.950001
4/19/07,44.639999
4/18/07,44.990002
4/17/07,45.07
4/16/07,45.200001
4/13/07,42.41
4/12/07,42.27
4/11/07,41.68
4/10/07,41.860001
4/9/07,41.66
4/5/07,41.68
4/4/07,41.529999
4/3/07,41.189999
4/2/07,40.419998
3/30/07,39.790001
3/29/07,39.810001
3/28/07,39.34
3/27/07,39.369999
3/26/07,39.009998
3/23/07,38.98
3/22/07,39.490002
3/21/07,39.799999
3/20/07,38.580002
3/19/07,38.450001
3/16/07,37.849998
3/15/07,37.779999
3/14/07,38.080002
3/13/07,37.82
3/12/07,38.810001
3/9/07,38.84
3/8/07,38.099998
3/7/07,38.360001
3/6/07,38.580002
3/5/07,37.049999
3/2/07,37.689999
3/1/07,38.849998
2/28/07,39.139999
2/27/07,38.830002
2/26/07,40.880001
2/23/07,40.779999
2/22/07,41
2/21/07,41.259998
2/20/07,41.509998
2/16/07,40.330002
2/15/07,40.060001
2/14/07,40.139999
2/13/07,39.310001
2/12/07,38.849998
2/9/07,38.720001
2/8/07,39.099998
2/7/07,38.98
2/6/07,38.27
2/5/07,37.16
2/2/07,37.389999
2/1/07,38.700001
1/31/07,37.669998
1/30/07,37.049999
1/29/07,37.43
1/26/07,36.849998
1/25/07,37.080002
1/24/07,37.259998
1/23/07,36.43
1/22/07,36.950001
1/19/07,37.02
1/18/07,36.98
1/17/07,37.880001
1/16/07,38.66
1/12/07,38.200001
1/11/07,37.400002
1/10/07,37.150002
1/9/07,37.779999
1/8/07,37.5
1/5/07,38.369999
1/4/07,38.900002
1/3/07,38.700001
12/29/06,39.459999
12/28/06,40.209999
12/27/06,40.290001
12/26/06,39.799999
12/22/06,40.240002
12/21/06,39.889999
12/20/06,40.009998
12/19/06,39.419998
12/18/06,39.259998
12/15/06,40.009998
12/14/06,39.02
12/13/06,38.5
12/12/06,38.459999
12/11/06,38.689999
12/8/06,38.459999
12/7/06,38.119999
12/6/06,38.900002
12/5/06,38.98
12/4/06,39.099998
12/1/06,39.41
11/30/06,40.34
11/29/06,40.630001
11/28/06,40.919998
11/27/06,40.849998
11/24/06,42.41
11/22/06,42.959999
11/21/06,42.540001
11/20/06,42.439999
11/17/06,42.549999
11/16/06,42.84
11/15/06,42.599998
11/14/06,41.509998
11/13/06,39.990002
11/10/06,39.259998
11/9/06,38.84
11/8/06,39.470001
11/7/06,38.77
11/6/06,38.209999
11/3/06,37.459999
11/2/06,37.450001
11/1/06,37.560001
10/31/06,38.09
10/30/06,38.150002
10/27/06,38.240002
10/26/06,38.299999
10/25/06,37.68
10/24/06,33.630001
10/23/06,32.880001
10/20/06,32.57
10/19/06,32.540001
10/18/06,32.310001
10/17/06,32.470001
10/16/06,32.599998
10/13/06,33.32
10/12/06,33.549999
10/11/06,32.91
10/10/06,32.619999
10/9/06,33.380001
10/6/06,32.59
10/5/06,33.32
10/4/06,32.759998
10/3/06,31.700001
10/2/06,30.870001
9/29/06,32.119999
9/28/06,31.84
9/27/06,32.330002
9/26/06,32.5
9/25/06,31.790001
9/22/06,30.84
9/21/06,30.219999
9/20/06,32.119999
9/19/06,31.58
9/18/06,32.080002
9/15/06,32.52
9/14/06,31.65
9/13/06,31.67
9/12/06,31.719999
9/11/06,30.790001
9/8/06,30.51
9/7/06,29.73
9/6/06,30.799999
9/5/06,32.23
9/1/06,31.76
8/31/06,30.83
8/30/06,30.67
8/29/06,29.52
8/28/06,28.91
8/25/06,28.030001
8/24/06,27.969999
8/23/06,28.139999
8/22/06,28.370001
8/21/06,28.129999
8/18/06,29.120001
8/17/06,29.09
8/16/06,27.950001
8/15/06,27.77
8/14/06,26.530001
8/11/06,26.07
8/10/06,26.49
8/9/06,26.209999
8/8/06,26.360001
8/7/06,26.780001
8/4/06,27.290001
8/3/06,26.690001
8/2/06,26.09
8/1/06,26.32
7/31/06,26.889999
7/28/06,27.17
7/27/06,26.559999
7/26/06,26.26
7/25/06,33.59
7/24/06,34.310001
7/21/06,33.189999
7/20/06,34.18
7/19/06,34.48
7/18/06,33.490002
7/17/06,33.669998
7/14/06,32.919998
7/13/06,33.73
7/12/06,34.630001
7/11/06,35.66
7/10/06,35.790001
7/7/06,36.110001
7/6/06,36.799999
7/5/06,37.110001
7/3/06,38.610001
6/30/06,38.68
6/29/06,38.52
6/28/06,36.700001
6/27/06,36.48
6/26/06,36.77
6/23/06,36.549999
6/22/06,36.369999
6/21/06,36.650002
6/20/06,35.48
6/19/06,35.07
6/16/06,35.09
6/15/06,34.959999
6/14/06,33.68
6/13/06,33.470001
6/12/06,33.599998
6/9/06,33.779999
6/8/06,33.549999
6/7/06,33.77
6/6/06,33.41
6/5/06,33.490002
6/2/06,34.759998
6/1/06,35.07
5/31/06,34.610001
5/30/06,34.639999
5/26/06,36.07
5/25/06,35.630001
5/24/06,35.189999
5/23/06,33.759998
5/22/06,34.830002
5/19/06,33.939999
5/18/06,32.610001
5/17/06,31.610001
5/16/06,32.759998
5/15/06,32.779999
5/12/06,32.73
5/11/06,33.529999
5/10/06,34.16
5/9/06,34.84
5/8/06,34.689999
5/5/06,35.040001
5/4/06,34.470001
5/3/06,33.959999
5/2/06,34.380001
5/1/06,34.59
4/28/06,35.209999
4/27/06,35.740002
4/26/06,35.790001
4/25/06,35.549999
4/24/06,35.790001
4/21/06,36.029999
4/20/06,36.34
4/19/06,36.889999
4/18/06,36.279999
4/17/06,35.27
4/13/06,36.619999
4/12/06,36.130001
4/11/06,36.060001
4/10/06,36.610001
4/7/06,37.09
4/6/06,38.509998
4/5/06,37.34
4/4/06,36.77
4/3/06,36.139999
3/31/06,36.529999
3/30/06,36.669998
3/29/06,36.32
3/28/06,35.689999
3/27/06,35.25
3/24/06,35.470001
3/23/06,35.68
3/22/06,36
3/21/06,35.919998
3/20/06,36.23
3/17/06,35.990002
3/16/06,36.77
3/15/06,36.889999
3/14/06,36.91
3/13/06,36.189999
3/10/06,36.220001
3/9/06,36.119999
3/8/06,36.810001
3/7/06,36.93
3/6/06,36.860001
3/3/06,37.209999
3/2/06,36.880001
3/1/06,37.119999
2/28/06,37.439999
2/27/06,38.009998
2/24/06,38.349998
2/23/06,37.900002
2/22/06,38.720001
2/21/06,38.290001
2/17/06,39.189999
2/16/06,39.150002
2/15/06,39.259998
2/14/06,38.25
2/13/06,37.860001
2/10/06,38.52
2/9/06,37.990002
2/8/06,38.169998
2/7/06,37.52
2/6/06,37.950001
2/3/06,38.330002
2/2/06,42.740002
2/1/06,43.98
1/31/06,44.82
1/30/06,44.959999
1/27/06,45.220001
1/26/06,44.68
1/25/06,43.599998
1/24/06,44.02
1/23/06,43.73
1/20/06,43.919998
1/19/06,44.450001
1/18/06,44.32
1/17/06,44
1/13/06,44.400002
1/12/06,44.360001
1/11/06,44.93
1/10/06,45.650002
1/9/06,47.080002
1/6/06,47.869999
1/5/06,47.650002
1/4/06,47.25
1/3/06,47.580002
12/30/05,47.150002
12/29/05,47.990002
12/28/05,48.060001
12/27/05,48.560001
12/23/05,49.220001
12/22/05,49.220001
12/21/05,48.970001
12/20/05,48.139999
12/19/05,48.369999
12/16/05,49.209999
12/15/05,49.48
12/14/05,49.41
12/13/05,49.5
12/12/05,49.07
12/9/05,48.740002
12/8/05,48.349998
12/7/05,48.830002
12/6/05,49.259998
12/5/05,48.830002
12/2/05,49.060001
12/1/05,49
11/30/05,48.459999
11/29/05,48.549999
11/28/05,48.349998
11/25/05,48.060001
11/23/05,48.240002
11/22/05,48.849998
11/21/05,47.990002
11/18/05,47.98
11/17/05,46.740002
11/16/05,45.299999
11/15/05,44.450001
11/14/05,42.529999
11/11/05,42.68
11/10/05,42.18
11/9/05,41.400002
11/8/05,41.950001
11/7/05,41.389999
11/4/05,41.09
11/3/05,41.560001
11/2/05,40.75
11/1/05,40.369999
10/31/05,39.860001
10/28/05,38.950001
10/27/05,39.060001
10/26/05,39.75
10/25/05,46.169998
10/24/05,46.93
10/21/05,45.950001
10/20/05,45.009998
10/19/05,45.860001
10/18/05,44.650002
10/17/05,45.02
10/14/05,43.790001
10/13/05,42.619999
10/12/05,42.549999
10/11/05,43.400002
10/10/05,43.759998
10/7/05,43.720001
10/6/05,44.009998
10/5/05,44.490002
10/4/05,44.93
10/3/05,46.009998
9/30/05,45.299999
9/29/05,44.790001
9/28/05,43.369999
9/27/05,43.16
9/26/05,43.34
9/23/05,42.189999
9/22/05,42.080002
9/21/05,41.25
9/20/05,41.869999
9/19/05,42.75
9/16/05,42.799999
9/15/05,42.709999
9/14/05,43.099998
9/13/05,43.93
9/12/05,44.5
9/9/05,42.950001
9/8/05,42.959999
9/7/05,43.73
9/6/05,43.619999
9/2/05,41.509998
9/1/05,41.84
8/31/05,42.700001
8/30/05,42.490002
8/29/05,42.790001
8/26/05,42.369999
8/25/05,42.310001
8/24/05,42.369999
8/23/05,43.419998
8/22/05,43.77
8/19/05,43.720001
8/18/05,43.73
8/17/05,44.119999
8/16/05,44.27
8/15/05,45.040001
8/12/05,44.200001
8/11/05,45.209999
8/10/05,44.759998
8/9/05,45.93
8/8/05,45.66
8/5/05,45.27
8/4/05,45.459999
8/3/05,46.110001
8/2/05,46.509998
8/1/05,44.93
7/29/05,45.150002
7/28/05,45.68
7/27/05,43.650002
7/26/05,37.740002
7/25/05,37.950001
7/22/05,37.950001
7/21/05,37.950001
7/20/05,38.169998
7/19/05,38.169998
7/18/05,37.189999
7/15/05,37.150002
7/14/05,37.189999
7/13/05,36.509998
7/12/05,36.310001
7/11/05,35.59
7/8/05,34.740002
7/7/05,33.959999
7/6/05,34.060001
7/5/05,34.080002
7/1/05,32.91
6/30/05,33.09
6/29/05,33.349998
6/28/05,33.709999
6/27/05,34.5
6/24/05,35.02
6/23/05,35.43
6/22/05,35.220001
6/21/05,35.380001
6/20/05,35.689999
6/17/05,35.310001
6/16/05,35.580002
6/15/05,35.240002
6/14/05,35.040001
6/13/05,34.869999
6/10/05,34.950001
6/9/05,35.200001
6/8/05,34.830002
6/7/05,35.349998
6/6/05,35.77
6/3/05,35.59
6/2/05,36.41
6/1/05,36.5
5/31/05,35.509998
5/27/05,35.5
5/26/05,35.450001
5/25/05,35.25
5/24/05,35.540001
5/23/05,35.68
5/20/05,35.5
5/19/05,35.59
5/18/05,35.330002
5/17/05,34.73
5/16/05,34.540001
5/13/05,33.900002
5/12/05,33.849998
5/11/05,33.82
5/10/05,34.23
5/9/05,34.639999
5/6/05,34.52
5/5/05,33.959999
5/4/05,33.959999
5/3/05,33.209999
5/2/05,33.099998
4/29/05,32.360001
4/28/05,32.52
4/27/05,31.719999
4/26/05,32.709999
4/25/05,33.529999
4/22/05,33.040001
4/21/05,33.73
4/20/05,33.25
4/19/05,32.779999
4/18/05,33
4/15/05,33.02
4/14/05,33.970001
4/13/05,34.299999
4/12/05,34.630001
4/11/05,34.599998
4/8/05,34.599998
4/7/05,34.900002
4/6/05,34.82
4/5/05,35.279999
4/4/05,35
4/1/05,34.009998
3/31/05,34.27
3/30/05,34.32
3/29/05,33.43
3/28/05,33.389999
3/24/05,32.880001
3/23/05,33.18
3/22/05,33.150002
3/21/05,33.669998
3/18/05,34.16
3/17/05,33.970001
3/16/05,33.869999
3/15/05,34.18
3/14/05,34.599998
3/11/05,34.75
3/10/05,34.91
3/9/05,35.400002
3/8/05,35.830002
3/7/05,36.32
3/4/05,35.849998
3/3/05,35.650002
3/2/05,35.5
3/1/05,35.389999
2/28/05,35.18
2/25/05,34.990002
2/24/05,34.689999
2/23/05,34.139999
2/22/05,34.720001
2/18/05,35.310001
2/17/05,35.689999
2/16/05,35.66
2/15/05,36.139999
2/14/05,36.029999
2/11/05,35.779999
2/10/05,35.779999
2/9/05,35.889999
2/8/05,36.299999
2/7/05,35.689999
2/4/05,35.720001
2/3/05,35.75
2/2/05,41.880001
2/1/05,42.48
1/31/05,43.220001
1/28/05,42.220001
1/27/05,42.310001
1/26/05,41.34
1/25/05,40.939999
1/24/05,40.380001
1/21/05,41.16
1/20/05,42.360001
1/19/05,43.959999
1/18/05,44.580002
1/14/05,44.549999
1/13/05,42.599998
1/12/05,42.299999
1/11/05,41.639999
1/10/05,41.84
1/7/05,42.32
1/6/05,41.049999
1/5/05,41.77
1/4/05,42.139999
1/3/05,44.52